{"images": [{"id": 13, "dataset_id": 8, "category_ids": [], "path": "/datasets/Teapot/1.jpg", "width": 660, "height": 420, "file_name": "64a5285f9cb508e73a5ec2f7d5d04e8e7d212ae4.jpg", "annotated": false, "annotating": [], "num_annotations": 0, "metadata": {}, "deleted": false, "milliseconds": 0, "events": [], "regenerate_thumbnail": false}, {"id": 15, "dataset_id": 8, "category_ids": [], "path": "/datasets/Teapot/304_original.jpg", "width": 772, "height": 768, "file_name": "304_original.jpg", "annotated": false, "annotating": [], "num_annotations": 0, "metadata": {}, "deleted": false, "milliseconds": 0, "events": [], "regenerate_thumbnail": false}, {"id": 16, "dataset_id": 8, "category_ids": [], "path": "/datasets/Teapot/93503b.jpg", "width": 1000, "height": 1000, "file_name": "93503b.jpg", "annotated": false, "annotating": [], "num_annotations": 0, "metadata": {}, "deleted": false, "milliseconds": 0, "events": [], "regenerate_thumbnail": false}, {"id": 17, "dataset_id": 8, "category_ids": [], "path": "/datasets/Teapot/8054561.jpeg", "width": 700, "height": 700, "file_name": "8054561.jpeg", "annotated": false, "annotating": [], "num_annotations": 0, "metadata": {}, "deleted": false, "milliseconds": 0, "events": [], "regenerate_thumbnail": false}, {"id": 18, "dataset_id": 8, "category_ids": [], "path": "/datasets/Teapot/14804054-1.jpg", "width": 900, "height": 1200, "file_name": "14804054-1.jpg", "annotated": false, "annotating": [], "num_annotations": 0, "metadata": {}, "deleted": false, "milliseconds": 0, "events": [], "regenerate_thumbnail": false}, {"id": 19, "dataset_id": 8, "category_ids": [], "path": "/datasets/Teapot/314150817.jpeg", "width": 680, "height": 664, "file_name": "314150817.jpeg", "annotated": false, "annotating": [], "num_annotations": 0, "metadata": {}, "deleted": false, "milliseconds": 0, "events": [], "regenerate_thumbnail": false}, {"id": 20, "dataset_id": 8, "category_ids": [], "path": "/datasets/Teapot/1611814716.8616c16wwqjn5vxlq0b0_v-fviwev7hdolen_gni.jpg", "width": 1040, "height": 1521, "file_name": "1611814716.8616c16wwqjn5vxlq0b0_v-fviwev7hdolen_gni.jpg", "annotated": false, "annotating": [], "num_annotations": 0, "metadata": {}, "deleted": false, "milliseconds": 0, "events": [], "regenerate_thumbnail": false}, {"id": 21, "dataset_id": 8, "category_ids": [], "path": "/datasets/Teapot/$_3.JPG", "width": 595, "height": 800, "file_name": "$_3.JPG", "annotated": false, "annotating": [], "num_annotations": 0, "metadata": {}, "deleted": false, "milliseconds": 0, "events": [], "regenerate_thumbnail": false}, {"id": 22, "dataset_id": 8, "category_ids": [], "path": "/datasets/Teapot/BG-K1-1500-1-5.jpg", "width": 800, "height": 800, "file_name": "BG-K1-1500-1-5.jpg", "annotated": false, "annotating": [], "num_annotations": 0, "metadata": {}, "deleted": false, "milliseconds": 0, "events": [], "regenerate_thumbnail": false}, {"id": 23, "dataset_id": 8, "category_ids": [], "path": "/datasets/Teapot/BV382510V-CEV_5.jpg", "width": 1024, "height": 838, "file_name": "BV382510V-CEV_5.jpg", "annotated": false, "annotating": [], "num_annotations": 0, "metadata": {}, "deleted": false, "milliseconds": 0, "events": [], "regenerate_thumbnail": false}, {"id": 24, "dataset_id": 8, "category_ids": [], "path": "/datasets/Teapot/CHajnik-Xiaomi-Mi-Electric-Kettle-CN-Belyj-2-1000x1000.jpg", "width": 1000, "height": 1000, "file_name": "CHajnik-Xiaomi-Mi-Electric-Kettle-CN-Belyj-2-1000x1000.jpg", "annotated": false, "annotating": [], "num_annotations": 0, "metadata": {}, "deleted": false, "milliseconds": 0, "events": [], "regenerate_thumbnail": false}, {"id": 28, "dataset_id": 8, "category_ids": [], "path": "/datasets/Teapot/mg-510hd_big.jpg", "width": 1440, "height": 1080, "file_name": "mg-510hd_big.jpg", "annotated": false, "annotating": [], "num_annotations": 0, "metadata": {}, "deleted": false, "milliseconds": 0, "events": [], "regenerate_thumbnail": false}], "categories": [{"id": 1, "name": "pot", "supercategory": "", "color": "#03b8b7", "metadata": {}, "keypoint_colors": []}, {"id": 3, "name": "hand", "supercategory": "pot", "color": "#cf73e7", "metadata": {}, "keypoint_colors": ["#bf5c4d", "#bf5c4d"], "keypoints": ["top", "bot"], "skeleton": [[1, 2]]}], "annotations": [{"id": 41, "image_id": 13, "category_id": 1, "segmentation": [[325.1, 88.9, 327.9, 85.4, 334.9, 81.9, 341.2, 81.2, 346.1, 77.7, 349.6, 77.7, 353.2, 74.2, 362.3, 74.2, 365.8, 72.1, 400.9, 70.7, 402.3, 68.6, 421.9, 67.2, 423.3, 65.1, 436.0, 63.7, 486.5, 63.7, 492.1, 60.2, 508.9, 60.2, 514.6, 64.4, 519.5, 76.5, 522.5, 76.5, 524.5, 78.5, 532.5, 92.5, 549.5, 133.5, 554.5, 161.5, 553.5, 163.5, 556.0, 186.5, 556.0, 232.8, 552.5, 241.5, 551.5, 258.5, 542.5, 278.5, 530.5, 293.5, 516.5, 308.5, 504.0, 314.9, 500.5, 319.1, 497.7, 319.1, 497.0, 321.9, 491.4, 325.4, 489.3, 333.2, 487.9, 333.9, 483.7, 365.4, 480.9, 366.1, 471.8, 373.9, 444.4, 380.9, 405.1, 393.5, 396.7, 394.9, 360.9, 394.2, 341.9, 387.2, 325.8, 369.6, 319.5, 366.8, 313.9, 360.5, 308.2, 359.1, 306.8, 357.0, 298.4, 352.8, 298.4, 350.7, 287.9, 338.8, 286.5, 335.3, 286.5, 324.7, 284.4, 322.6, 284.4, 224.4, 287.9, 210.4, 289.3, 158.4, 284.4, 153.5, 268.9, 143.7, 260.5, 132.5, 257.0, 125.4, 257.0, 107.9, 260.5, 103.7, 271.1, 99.5, 319.5, 99.5, 324.7, 94.6]], "area": 76802, "bbox": [257.0, 60.0, 299.0, 335.0], "iscrowd": false, "isbbox": false, "color": "#19de75", "metadata": {}}, {"id": 42, "image_id": 13, "category_id": 3, "segmentation": [], "area": 0, "bbox": [0, 0, 0, 0], "iscrowd": false, "isbbox": false, "color": "#de9278", "keypoints": [510, 95, 2, 547, 212, 2], "metadata": {}, "num_keypoints": 2}, {"id": 55, "image_id": 15, "category_id": 1, "segmentation": [[537.7, 139.0, 537.7, 766.8, 31.0, 766.8, 31.0, 139.0]], "area": 318396, "bbox": [31.0, 139.0, 507.0, 628.0], "iscrowd": false, "isbbox": true, "color": "#09be93", "metadata": {}}, {"id": 56, "image_id": 15, "category_id": 3, "segmentation": [], "area": 0, "bbox": [0, 0, 0, 0], "iscrowd": false, "isbbox": false, "color": "#f3342e", "keypoints": [474, 217, 2, 471, 461, 2], "metadata": {}, "num_keypoints": 2}, {"id": 57, "image_id": 15, "category_id": 1, "segmentation": [[761.9, 36.9, 761.9, 670.6, 244.2, 670.6, 244.2, 36.9]], "area": 328412, "bbox": [244.0, 37.0, 518.0, 634.0], "iscrowd": false, "isbbox": true, "color": "#995522", "metadata": {}}, {"id": 58, "image_id": 15, "category_id": 3, "segmentation": [], "area": 0, "bbox": [0, 0, 0, 0], "iscrowd": false, "isbbox": false, "color": "#0c85c5", "keypoints": [716, 149, 2, 691, 366, 2], "metadata": {}, "num_keypoints": 2}, {"id": 61, "image_id": 16, "category_id": 1, "segmentation": [[879.6, 35.1, 879.6, 967.5, 99.7, 967.5, 99.7, 35.1]], "area": 727740, "bbox": [100.0, 35.0, 780.0, 933.0], "iscrowd": false, "isbbox": true, "color": "#bc05d5", "metadata": {}}, {"id": 63, "image_id": 16, "category_id": 3, "segmentation": [], "area": 0, "bbox": [0, 0, 0, 0], "iscrowd": false, "isbbox": false, "color": "#96f055", "keypoints": [747, 198, 2, 780, 566, 2], "metadata": {}, "num_keypoints": 2}, {"id": 46, "image_id": 17, "category_id": 3, "segmentation": [], "area": 0, "bbox": [0, 0, 0, 0], "iscrowd": false, "isbbox": false, "color": "#b69529", "keypoints": [656, 172, 2, 597, 320, 2], "metadata": {}, "num_keypoints": 2}, {"id": 47, "image_id": 17, "category_id": 1, "segmentation": [[687.2, 87.9, 687.2, 622.1, 228.0, 622.1, 228.0, 87.9]], "area": 245106, "bbox": [228.0, 88.0, 459.0, 534.0], "iscrowd": false, "isbbox": true, "color": "#c86024", "metadata": {}}, {"id": 51, "image_id": 18, "category_id": 1, "segmentation": [[837.4, 101.0, 837.4, 1074.2, 73.5, 1074.2, 73.5, 101.0]], "area": 742399, "bbox": [74.0, 101.0, 763.0, 973.0], "iscrowd": false, "isbbox": true, "color": "#e7475e", "metadata": {}}, {"id": 52, "image_id": 18, "category_id": 3, "segmentation": [], "area": 0, "bbox": [0, 0, 0, 0], "iscrowd": false, "isbbox": false, "color": "#4ba9ed", "keypoints": [738, 301, 2, 741, 595, 2], "metadata": {}, "num_keypoints": 2}, {"id": 59, "image_id": 19, "category_id": 1, "segmentation": [[551.8, 98.8, 551.8, 633.0, 77.6, 633.0, 77.6, 98.8]], "area": 253116, "bbox": [78.0, 99.0, 474.0, 534.0], "iscrowd": false, "isbbox": true, "color": "#473bf5", "metadata": {}}, {"id": 60, "image_id": 19, "category_id": 3, "segmentation": [], "area": 0, "bbox": [0, 0, 0, 0], "iscrowd": false, "isbbox": false, "color": "#e95ecf", "keypoints": [126, 189, 2, 120, 385, 2], "metadata": {}, "num_keypoints": 2}, {"id": 53, "image_id": 20, "category_id": 1, "segmentation": [[1009.1, 86.8, 1009.1, 1465.6, 60.4, 1465.6, 60.4, 86.8]], "area": 1308671, "bbox": [60.0, 87.0, 949.0, 1379.0], "iscrowd": false, "isbbox": true, "color": "#e64c4a", "metadata": {}}, {"id": 54, "image_id": 20, "category_id": 3, "segmentation": [], "area": 0, "bbox": [0, 0, 0, 0], "iscrowd": false, "isbbox": false, "color": "#54eac4", "keypoints": [923, 165, 2, 917, 780, 2], "metadata": {}, "num_keypoints": 2}, {"id": 49, "image_id": 21, "category_id": 1, "segmentation": [[588.6, 14.5, 588.6, 793.4, 29.8, 793.4, 29.8, 14.5]], "area": 434902, "bbox": [30.0, 15.0, 559.0, 778.0], "iscrowd": false, "isbbox": true, "color": "#850cf2", "metadata": {}}, {"id": 50, "image_id": 21, "category_id": 3, "segmentation": [], "area": 0, "bbox": [0, 0, 0, 0], "iscrowd": false, "isbbox": false, "color": "#20af3f", "keypoints": [59, 134, 2, 101, 371, 2], "metadata": {}, "num_keypoints": 2}, {"id": 64, "image_id": 22, "category_id": 1, "segmentation": [[650.0, 204.8, 650.0, 753.3, 168.6, 753.3, 168.6, 204.8]], "area": 263588, "bbox": [169.0, 205.0, 481.0, 548.0], "iscrowd": false, "isbbox": true, "color": "#e67896", "metadata": {}}, {"id": 65, "image_id": 22, "category_id": 3, "segmentation": [], "area": 0, "bbox": [0, 0, 0, 0], "iscrowd": false, "isbbox": false, "color": "#c34b25", "keypoints": [607, 325, 2, 622, 521, 2], "metadata": {}, "num_keypoints": 2}, {"id": 66, "image_id": 23, "category_id": 1, "segmentation": [[967.6, 226.4, 967.6, 671.1, 466.6, 671.1, 466.6, 226.4]], "area": 222945, "bbox": [467.0, 226.0, 501.0, 445.0], "iscrowd": false, "isbbox": true, "color": "#6d68f4", "metadata": {}}, {"id": 67, "image_id": 23, "category_id": 3, "segmentation": [], "area": 0, "bbox": [0, 0, 0, 0], "iscrowd": false, "isbbox": false, "color": "#a6ce23", "keypoints": [929, 312, 2, 950, 395, 2], "metadata": {}, "num_keypoints": 2}, {"id": 68, "image_id": 24, "category_id": 1, "segmentation": [[843.5, 54.5, 843.5, 948.1, 155.2, 948.1, 155.2, 54.5]], "area": 615277, "bbox": [155.0, 55.0, 689.0, 893.0], "iscrowd": false, "isbbox": true, "color": "#6a46e7", "metadata": {}}, {"id": 69, "image_id": 24, "category_id": 3, "segmentation": [], "area": 0, "bbox": [0, 0, 0, 0], "iscrowd": false, "isbbox": false, "color": "#44139f", "keypoints": [231, 226, 2, 235, 661, 2], "metadata": {}, "num_keypoints": 2}, {"id": 74, "image_id": 28, "category_id": 1, "segmentation": [[1188.6, 57.5, 1188.6, 1026.7, 252.8, 1026.7, 252.8, 57.5]], "area": 906984, "bbox": [253.0, 58.0, 936.0, 969.0], "iscrowd": false, "isbbox": true, "color": "#05eef9", "metadata": {}}, {"id": 75, "image_id": 28, "category_id": 3, "segmentation": [], "area": 0, "bbox": [0, 0, 0, 0], "iscrowd": false, "isbbox": false, "color": "#d39b21", "keypoints": [993, 193, 2, 1102, 561, 2], "metadata": {}, "num_keypoints": 2}]}