{"images": [{"id": 18, "dataset_id": 8, "category_ids": [], "path": "/datasets/Teapot/14804054-1.jpg", "width": 900, "height": 1200, "file_name": "14804054-1.jpg", "annotated": false, "annotating": [], "num_annotations": 0, "metadata": {}, "deleted": false, "milliseconds": 0, "events": [], "regenerate_thumbnail": false}, {"id": 20, "dataset_id": 8, "category_ids": [], "path": "/datasets/Teapot/1611814716.8616c16wwqjn5vxlq0b0_v-fviwev7hdolen_gni.jpg", "width": 1040, "height": 1521, "file_name": "1611814716.8616c16wwqjn5vxlq0b0_v-fviwev7hdolen_gni.jpg", "annotated": false, "annotating": [], "num_annotations": 0, "metadata": {}, "deleted": false, "milliseconds": 0, "events": [], "regenerate_thumbnail": false}, {"id": 22, "dataset_id": 8, "category_ids": [], "path": "/datasets/Teapot/BG-K1-1500-1-5.jpg", "width": 800, "height": 800, "file_name": "BG-K1-1500-1-5.jpg", "annotated": false, "annotating": [], "num_annotations": 0, "metadata": {}, "deleted": false, "milliseconds": 0, "events": [], "regenerate_thumbnail": false}, {"id": 24, "dataset_id": 8, "category_ids": [], "path": "/datasets/Teapot/CHajnik-Xiaomi-Mi-Electric-Kettle-CN-Belyj-2-1000x1000.jpg", "width": 1000, "height": 1000, "file_name": "CHajnik-Xiaomi-Mi-Electric-Kettle-CN-Belyj-2-1000x1000.jpg", "annotated": false, "annotating": [], "num_annotations": 0, "metadata": {}, "deleted": false, "milliseconds": 0, "events": [], "regenerate_thumbnail": false}, {"id": 28, "dataset_id": 8, "category_ids": [], "path": "/datasets/Teapot/mg-510hd_big.jpg", "width": 1440, "height": 1080, "file_name": "mg-510hd_big.jpg", "annotated": false, "annotating": [], "num_annotations": 0, "metadata": {}, "deleted": false, "milliseconds": 0, "events": [], "regenerate_thumbnail": false}, {"id": 48, "dataset_id": 8, "category_ids": [], "path": "/datasets/Teapot/$_3.JPG", "width": 595, "height": 800, "file_name": "$_3.JPG", "annotated": false, "annotating": [], "num_annotations": 0, "metadata": {}, "deleted": false, "milliseconds": 0, "events": [], "regenerate_thumbnail": false}, {"id": 49, "dataset_id": 8, "category_ids": [], "path": "/datasets/Teapot/314150817.jpeg", "width": 680, "height": 664, "file_name": "314150817.jpeg", "annotated": false, "annotating": [], "num_annotations": 0, "metadata": {}, "deleted": false, "milliseconds": 0, "events": [], "regenerate_thumbnail": false}, {"id": 50, "dataset_id": 8, "category_ids": [], "path": "/datasets/Teapot/8054561.jpeg", "width": 700, "height": 700, "file_name": "8054561.jpeg", "annotated": false, "annotating": [], "num_annotations": 0, "metadata": {}, "deleted": false, "milliseconds": 0, "events": [], "regenerate_thumbnail": false}], "categories": [{"id": 1, "name": "pot", "supercategory": "pot", "color": "#03b8b7", "metadata": {}, "keypoint_colors": ["#bf5c4d", "#d99100"], "keypoints": ["top", "bot"], "skeleton": [[1, 2]]}], "annotations": [{"id": 51, "image_id": 18, "category_id": 1, "segmentation": [[837.4, 101.0, 837.4, 1074.2, 73.5, 1074.2, 73.5, 101.0]], "area": 742399, "bbox": [74.0, 101.0, 763.0, 973.0], "iscrowd": false, "isbbox": false, "color": "#e7475e", "keypoints": [734, 326, 2, 701, 667, 2], "metadata": {}, "num_keypoints": 2}, {"id": 53, "image_id": 20, "category_id": 1, "segmentation": [[1009.1, 86.8, 1009.1, 214.7, 1013.0, 218.4, 1009.1, 340.3, 1009.1, 1465.6, 481.5, 1465.6, 476.8, 1467.6, 470.1, 1465.6, 60.4, 1465.6, 60.4, 1345.0, 56.5, 1343.8, 60.4, 1144.2, 60.4, 86.8, 289.7, 86.8, 368.8, 67.2, 865.7, 79.0, 874.0, 86.8]], "area": 1316984, "bbox": [57.0, 67.0, 956.0, 1400.0], "iscrowd": false, "isbbox": false, "color": "#e64c4a", "keypoints": [925, 163, 2, 929, 729, 2], "metadata": {}, "num_keypoints": 2}, {"id": 64, "image_id": 22, "category_id": 1, "segmentation": [[650.0, 204.8, 650.0, 426.1, 657.2, 540.5, 650.0, 548.8, 650.0, 753.3, 402.6, 753.3, 397.9, 755.4, 393.6, 753.3, 168.6, 753.3, 168.6, 204.8, 320.7, 204.8, 384.5, 187.2, 430.3, 204.8]], "area": 265031, "bbox": [169.0, 187.0, 488.0, 568.0], "iscrowd": false, "isbbox": false, "color": "#e67896", "keypoints": [614, 330, 2, 624, 533, 2], "metadata": {}, "num_keypoints": 2}, {"id": 68, "image_id": 24, "category_id": 1, "segmentation": [[843.5, 54.5, 843.5, 948.1, 572.8, 948.1, 564.6, 950.7, 555.4, 948.1, 155.2, 948.1, 155.2, 54.5]], "area": 615302, "bbox": [155.0, 55.0, 689.0, 896.0], "iscrowd": false, "isbbox": false, "color": "#6a46e7", "keypoints": [231, 211, 2, 226, 681, 2], "metadata": {}, "num_keypoints": 2}, {"id": 74, "image_id": 28, "category_id": 1, "segmentation": [[1188.6, 57.5, 1188.6, 1026.7, 717.7, 1026.7, 693.5, 1033.7, 643.6, 1026.7, 252.8, 1026.7, 252.8, 57.5, 446.1, 57.5, 481.5, 35.1, 687.9, 29.6, 879.2, 57.5]], "area": 915680, "bbox": [253.0, 30.0, 936.0, 1004.0], "iscrowd": false, "isbbox": false, "color": "#05eef9", "keypoints": [999, 175, 2, 1106, 594, 2], "metadata": {}, "num_keypoints": 2}, {"id": 95, "image_id": 48, "category_id": 1, "segmentation": [[595.0, 8.5, 595.0, 796.7, 6.2, 796.7, 6.2, 8.5]], "area": 464132, "bbox": [6.0, 9.0, 589.0, 788.0], "iscrowd": false, "isbbox": false, "color": "#d10f8a", "metadata": {}}, {"id": 93, "image_id": 49, "category_id": 1, "segmentation": [[549.2, 71.3, 549.2, 649.3, 80.2, 649.3, 80.2, 71.3]], "area": 271082, "bbox": [80.0, 71.0, 469.0, 578.0], "iscrowd": false, "isbbox": false, "color": "#259e19", "keypoints": [123, 176, 2, 120, 392, 2], "metadata": {}, "num_keypoints": 2}, {"id": 94, "image_id": 50, "category_id": 1, "segmentation": [[691.7, 73.4, 691.7, 632.9, 216.2, 632.9, 216.2, 73.4]], "area": 266560, "bbox": [216.0, 73.0, 476.0, 560.0], "iscrowd": false, "isbbox": false, "color": "#b3187c", "keypoints": [650, 173, 2, 597, 313, 2], "metadata": {}, "num_keypoints": 2}]}