{"images": [{"id": 13, "dataset_id": 8, "category_ids": [], "path": "/datasets/Teapot/1.jpg", "width": 660, "height": 420, "file_name": "64a5285f9cb508e73a5ec2f7d5d04e8e7d212ae4.jpg", "annotated": false, "annotating": [], "num_annotations": 0, "metadata": {}, "deleted": false, "milliseconds": 0, "events": [], "regenerate_thumbnail": false}], "categories": [{"id": 1, "name": "pot", "supercategory": "", "color": "#03b8b7", "metadata": {}, "keypoint_colors": []}, {"id": 3, "name": "hand", "supercategory": "pot", "color": "#cf73e7", "metadata": {}, "keypoint_colors": ["#bf5c4d", "#bf5c4d"], "keypoints": ["top", "bot"], "skeleton": [[1, 2]]}], "annotations": [{"id": 41, "image_id": 13, "category_id": 1, "segmentation": [[325.1, 88.9, 327.9, 85.4, 334.9, 81.9, 341.2, 81.2, 346.1, 77.7, 349.6, 77.7, 353.2, 74.2, 362.3, 74.2, 365.8, 72.1, 400.9, 70.7, 402.3, 68.6, 421.9, 67.2, 423.3, 65.1, 436.0, 63.7, 486.5, 63.7, 492.1, 60.2, 508.9, 60.2, 514.6, 64.4, 519.5, 76.5, 522.5, 76.5, 524.5, 78.5, 532.5, 92.5, 549.5, 133.5, 554.5, 161.5, 553.5, 163.5, 556.0, 186.5, 556.0, 232.8, 552.5, 241.5, 551.5, 258.5, 542.5, 278.5, 530.5, 293.5, 516.5, 308.5, 504.0, 314.9, 500.5, 319.1, 497.7, 319.1, 497.0, 321.9, 491.4, 325.4, 489.3, 333.2, 487.9, 333.9, 483.7, 365.4, 480.9, 366.1, 471.8, 373.9, 444.4, 380.9, 405.1, 393.5, 396.7, 394.9, 360.9, 394.2, 341.9, 387.2, 325.8, 369.6, 319.5, 366.8, 313.9, 360.5, 308.2, 359.1, 306.8, 357.0, 298.4, 352.8, 298.4, 350.7, 287.9, 338.8, 286.5, 335.3, 286.5, 324.7, 284.4, 322.6, 284.4, 224.4, 287.9, 210.4, 289.3, 158.4, 284.4, 153.5, 268.9, 143.7, 260.5, 132.5, 257.0, 125.4, 257.0, 107.9, 260.5, 103.7, 271.1, 99.5, 319.5, 99.5, 324.7, 94.6]], "area": 76802, "bbox": [257.0, 60.0, 299.0, 335.0], "iscrowd": false, "isbbox": false, "color": "#19de75", "metadata": {}}, {"id": 42, "image_id": 13, "category_id": 3, "segmentation": [], "area": 0, "bbox": [0, 0, 0, 0], "iscrowd": false, "isbbox": false, "color": "#de9278", "keypoints": [510, 95, 2, 547, 212, 2], "metadata": {}, "num_keypoints": 2}]}